Language,	English,	French
STR_IARTS_Command_post,	Command post,	Poste de commandement
STR_IARTS_Forward_post,	Forward post,	Poste avancé
STR_IARTS_Ammunition_depot,	Ammunition depot,	Dépot de munitions
STR_IARTS_Hostage_Taking,	Hostage taking,	Prise d'otage
STR_IARTS_Secure_Hostage,	Secure hostage,	Sécuriser l'otage
STR_IARTS_Fuel_Depot,	Fuel depot,	Dépot de carburant
STR_IARTS_Destroy_Complex,	Destroy complex,	Détruisez le complexe
STR_IARTS_Research_AO,	Research center,	Centre de recherche
STR_IARTS_Disable_Research_Device,	Disable device,	Désactiver le dispositif
STR_IARTS_Food_Supply,	Food supply,	Approvisionnement en nourriture
STR_IARTS_Activated,	Activated,	Activé
STR_IARTS_TransmissionTower,	Transmission tower,	Tour de transmission
STR_IARTS_EnnemyConvoy,	Ennemy convoy,	Convoi ennemi
STR_IARTS_CivilianRescue,	Civilian evacuation,	Evacuation de civils
STR_IARTS_SoldierRescue,	Soldier rescue,	Sauvetage de soldat
STR_IARTS_InvasionTaskTitle,	Repel ennemy invasion, Repoussez l'invasion ennemie
STR_IARTS_InvasionTaskDescription,	CSAT is invading this territory. Your mission is to repel ennemy invasion by all necessary means., Le CSAT envahit le territoire. Votre mission est de repousser l'invasion ennemie par tous les moyens.
STR_IARTS_MainAOTaskTitle,	Attack ennemy area of operation, Attaquez la zone d'opération ennemie
STR_IARTS_MainAOTaskDescription,	CSAT has deployed troops and vehicles on this area. Your mission is to attack ennemy operation area and eliminate all threats. The ennemy may build camps: capture or kill all important personel grab any file or intel you can find and destroy the camp. CSAT also use chemical weapons so pay attention to informations providedd by the Headquarter., Le CSAT s'est déployé sur cette zone. Votre mission est d'attaquer la zone d'opération et d'éliminer toute menace ennemie. Il se peut que que l'ennemi construise des campements auquel cas vous devrez capturer ou éliminer tout le personnel d'importance récupérez les dossiers que vous trouverez puis détruire le campement. Le CSAT utilise des armes chimiques alors faites attentions aux informations fournies par l'Etat-Major.
STR_IARTS_CapturedSoldierTaskTitle,	Rescue captured soldier, Sauvez le soldat capturé
STR_IARTS_CapturedSoldierTaskDescription,	One of our soldier have been captured. Rescue him and eliminate all ennemies., L'un de nos soldats a été capturé par l'ennemi. Sauvez-le et eliminez tous les ennemis présents.
STR_IARTS_CivilianRescueTaskTitle,	Evacuate all civilians, Evacuez tous les civils
STR_IARTS_CivilianRescueTaskDescription,	CSAT is about to bombarde this city. Evacuate all civilians before the bombardement., Le CSAT s'apprête à bombarder une ville. Evacuez tous les civils avant le bombardement.
STR_IARTS_ConvoyTaskTitle,	Ambush or destro ennemi convoy, Tendez une embuscade ou détruisez le convoi ennemi
STR_IARTS_ConvoyTaskDescription,	The convoy is made of three cargo trucks and two armed vehicles. Seise or destroy the convoy., Le convoi est composé de trois camions et de deux véhicules protecteur. Faites main basse ou détruisez ce convoi par tous les moyens.
STR_IARTS_TransmissionTowerTaskTitle,	Destroy transmission tower, Détruisez la tour de transmission
STR_IARTS_TransmissionTowerTaskDescription,	Destroy transmission tower and eliminate all ennemies., Détruisez la tour de transmission et eliminez tous les ennemis.
STR_IARTS_FoodSupplyTaskTitle,	Cut ennemy food supply, Coupez l'approvisionnement ennemi
STR_IARTS_FoodSupplyTaskDescription,	CSAT is robbing supermarkers in order to provide supply to their soldiers. Soldiers in better shape fight better. Kill all ennemies to cut ennemy food supply., Le CSAT s'en prend aux commerçant afin de réapprovisionner ses troupes. Des troupes en meilleure forme se battent mieux. Eliminez tous les ennemis présent afin de couper l'approvisionnement ennemi.
STR_IARTS_ResearchTaskTitle,	Investigate ennemi research center, Enquêtez sur le centre de recherche ennemi
STR_IARTS_ResearchTaskDescription,	We detected a CSAT research center on this positon. Investigate the place and bring back any technology you can find., Nous avons détecté la présence d'un centre de recherche du CSAT sur cette position. Enquetez sur les lieux et ramenez toute technologie que vous trouverez.
STR_IARTS_ComplexTaskTitle,	Destroy ennemy complex, Détruisez le complexe ennemi
STR_IARTS_ComplexTaskDescription,	The ennemy is building a complex to start ciilian operations in this region. We must destroy this complex before its achievement., L'ennemi construit un complexe afin de s'implanter dans la région en toute discrétion. Nous devons détruire ce complexe avant qu'il soit achevé.
STR_IARTS_FuelDepotTaskTitle,	Capture or destroy ennemy fuel depot, Capturez ou détruisez le dépot de carburant ennemi
STR_IARTS_FuelDepotTaskDescription,	The CSAT have settled a fuel depot. Lay hands on it or destroy it., L'ennemi a établi un dépot de carburant sur cette position. Faites main basse ou détruisez ce dépot.
STR_IARTS_HostageTaskTitle,	Release the hostages, Libérez les otages
STR_IARTS_HostageTaskDescription,	Release the hostages and kill all ennemies, Libérez les otages et éliminez tous les ennemis présent
STR_IARTS_Remaining,	left,	restantes
STR_IARTS_UseComputer,	Use computer,	Utiliser l'ordinateur
STR_IARTS_Carry,	Carry,	Porter
STR_IARTS_Drop,	Drop,	Déposer
STR_IARTS_Load,	Load,	Charger
STR_IARTS_Transport,	Transport,	Transporter
STR_IARTS_Capture,	Capture,	Capturer
STR_IARTS_PutIn,	Force in,	Faire monter
STR_IARTS_Release,	Release, Relâcher
STR_IARTS_PutOut,	Pull out, Faire sortir
STR_IARTS_EmitEvacMessage,	Emit evacuation message, Emettre le message d'évacuation
STR_IARTS_StopEvacMessage,	Stop evacuation message, Stopper le message d'évacuation
STR_IARTS_OrderCivilianUnmount,	Order civilians to unmount, Ordonner aux civils de descendre
